,stockx_link
0,https://stockx.com/nike-ld-waffle-sacai-white-nylon
1,https://stockx.com/nike-ld-waffle-sacai-black-nylon
2,https://stockx.com/nike-air-force-1-low-supreme-box-logo-white
3,https://stockx.com/nike-dunk-low-sp-syracuse
4,https://stockx.com/nike-air-max-90-reverse-duck-camo-2020
5,https://stockx.com/nike-dunk-low-sp-kentucky
6,https://stockx.com/nike-air-max-1-london
7,https://stockx.com/nike-sb-dunk-low-travis-scott
8,https://stockx.com/nike-sb-dunk-low-atmos-safari
9,https://stockx.com/nike-air-max-1-amsterdam
10,https://stockx.com/nike-air-force-1-low-supreme-box-logo-black
11,https://stockx.com/nike-blazer-mid-77-vintage-white-black
12,https://stockx.com/nike-dunk-low-off-white-michigan
13,https://stockx.com/nike-dunk-low-off-white-pine-green
14,https://stockx.com/nike-dunk-low-off-white-university-red
15,https://stockx.com/nike-air-max-1-anniversary-red-2017-restock
16,https://stockx.com/nike-react-element-87-anthracite-black
17,https://stockx.com/nike-air-force-1-low-travis-scott-cactus-jack
18,https://stockx.com/nike-sb-dunk-low-infrared-orange-label
19,https://stockx.com/nike-air-max-2-light-atmos
20,https://stockx.com/nike-sb-dunk-low-raygun-tie-dye
21,https://stockx.com/nike-ld-waffle-sacai-white-grey
22,https://stockx.com/nike-ld-waffle-sacai-dark-grey-black-anthracite
23,https://stockx.com/nike-react-element-55-kendrick-lamar
24,https://stockx.com/nike-sb-dunk-low-supreme-jewel-swoosh-silver
25,https://stockx.com/nike-lebron-7-fairfax-away-2020
26,https://stockx.com/nike-blazer-high-sacai-snow-beach
27,https://stockx.com/nike-air-max-90-mars-landing
28,https://stockx.com/nike-sb-dunk-high-paul-rodriguez-mexico
29,https://stockx.com/nike-air-max-90-30th-anniversary-white-particle-grey-volt
30,https://stockx.com/nike-blazer-high-sacai-black-grey
31,https://stockx.com/nike-blazer-high-sacai-white-grey
32,https://stockx.com/nike-air-max-90-viotech-og
33,https://stockx.com/nike-air-force-1-low-day-of-the-dead-2019
34,https://stockx.com/nike-air-max-97-neon-seoul
35,https://stockx.com/nike-sb-dunk-low-parra
36,https://stockx.com/nike-dunk-low-viotech-2019
37,https://stockx.com/nike-air-fear-of-god-1-oatmeal
38,https://stockx.com/nike-air-force-1-low-clot-blue-silk
39,https://stockx.com/nike-react-presto-undercover-black
40,https://stockx.com/news/best-nike-shoes-for-women/
41,https://stockx.com/nike-sb-dunk-low-travis-scott
42,https://stockx.com/nike-dunk-low-sp-kentucky
43,https://stockx.com/nike-dunk-low-sp-syracuse
44,https://stockx.com/nike-dunk-low-sp-kentucky
45,https://stockx.com/nike-dunk-low-sp-syracuse
46,https://stockx.com/nike-sb-dunk-low-travis-scott
47,https://stockx.com/nike-sb-dunk-low-atmos-safari
48,https://stockx.com/nike-sb-dunk-low-travis-scott
49,https://stockx.com/nike-dunk-low-sp-syracuse
50,https://stockx.com/nike-dunk-low-sp-kentucky
51,https://stockx.com/nike-sb-dunk-low-atmos-safari
52,https://stockx.com/nike-air-force-1-low-supreme-box-logo-white
53,https://stockx.com/nike-air-force-1-low-supreme-box-logo-black
54,https://stockx.com/nike-dunk-low-viotech-2019
55,https://stockx.com/nike-daybreak-undercover-black
56,https://stockx.com/nike-classic-cortez-stranger-things-sail
57,https://stockx.com/nike-air-force-1-low-retro-ivory-snake
58,https://stockx.com/nike-air-max-1-susan-missing-link
59,https://stockx.com/nike-air-fear-of-god-moccasin-black
60,https://stockx.com/nike-air-force-1-low-off-white-black-white
61,https://stockx.com/nike-zoom-terra-kiger-5-off-white-white-w
62,https://stockx.com/nike-zoom-terra-kiger-5-off-white-black-w
63,https://stockx.com/nike-air-max-97-sh-kaleidoscope
64,https://stockx.com/nike-air-presto-off-white-black-2018
65,https://stockx.com/nike-air-force-1-gore-tex-high-white-ice
66,https://stockx.com/nike-zoom-fly-off-white-pink
67,https://stockx.com/nike-daybreak-undercover-blue-jay
68,https://stockx.com/nike-air-presto-off-white-white-2018
69,https://stockx.com/nike-kobe-5-protro-chaos
70,https://stockx.com/nike-air-max-1-97-sean-wotherspoon-na
71,https://stockx.com/nike-air-max-1-atmos-animal-pack-2-2018-black-box
72,https://stockx.com/nike-ld-waffle-sacai-blue-multi
73,https://stockx.com/nike-air-fear-of-god-1-orange-pulse
74,https://stockx.com/nike-air-force-1-low-off-white-volt
75,https://stockx.com/nike-pg-2-5-playstation-wolf-grey
76,https://stockx.com/nike-cortez-stranger-things-independence-day-pack
77,https://stockx.com/nike-adapt-bb-mag
78,https://stockx.com/nike-air-max-1-tinker-sketch
79,https://stockx.com/nike-zoom-fly-off-white-black-silver
80,https://stockx.com/nike-blazer-high-stranger-things-independence-day-pack
81,https://stockx.com/nike-air-fear-of-god-1-black
82,https://stockx.com/nike-air-max-97-silver-bullet-2016
83,https://stockx.com/nike-react-presto-undercover-white
84,https://stockx.com/nike-sb-dunk-high-dog-walker
85,https://stockx.com/nike-adapt-bb-black-pure-platinum
86,https://stockx.com/nike-air-vapormax-2019-cpfm
87,https://stockx.com/nike-air-tailwind-79-stranger-things-sail
88,https://stockx.com/nike-sb-dunk-low-ben-g
89,https://stockx.com/nike-air-vapormax-off-white-black
90,https://stockx.com/nike-sb-dunk-high-space-jam
91,https://stockx.com/nike-air-force-1-low-clot-rose-gold-silk
92,https://stockx.com/nike-air-max-90-recraft-hyper-grape-w
93,https://stockx.com/nike-air-max-90-recraft-sail
94,https://stockx.com/news/best-nike-shoes-for-women/
95,https://stockx.com/nike-sb-dunk-low-travis-scott
96,https://stockx.com/nike-dunk-low-sp-kentucky
97,https://stockx.com/nike-dunk-low-sp-syracuse
98,https://stockx.com/nike-dunk-low-sp-kentucky
99,https://stockx.com/nike-dunk-low-sp-syracuse
100,https://stockx.com/nike-sb-dunk-low-travis-scott
101,https://stockx.com/nike-sb-dunk-low-atmos-safari
102,https://stockx.com/nike-sb-dunk-low-travis-scott
103,https://stockx.com/nike-dunk-low-sp-syracuse
104,https://stockx.com/nike-dunk-low-sp-kentucky
105,https://stockx.com/nike-sb-dunk-low-atmos-safari
106,https://stockx.com/nike-air-force-1-low-supreme-box-logo-white
107,https://stockx.com/nike-air-force-1-low-supreme-box-logo-black
108,https://stockx.com/nike-air-force-1-low-what-the-nyc
109,https://stockx.com/nike-lebron-16-watch-the-throne
110,https://stockx.com/nike-react-presto-undercover-mahogany
111,https://stockx.com/nike-kyrie-5-spongebob-patrick
112,https://stockx.com/nike-kyrie-2-low-spongebob-mr-krabs
113,https://stockx.com/nike-tailwind-79-og-stranger-things-independence-day-pack
114,https://stockx.com/nike-air-max-97-have-a-nike-day
115,https://stockx.com/nike-kobe-4-protro-undefeated-phoenix-suns
116,https://stockx.com/nike-air-force-1-low-travis-scott-sail
117,https://stockx.com/nike-lebron-16-low-safari
118,https://stockx.com/nike-kyrie-6-concepts
119,https://stockx.com/nike-react-element-87-sail-light-bone
120,https://stockx.com/nike-kobe-4-protro-undefeated-los-angeles-lakers
121,https://stockx.com/nike-pg-3-nasa
122,https://stockx.com/nike-air-vapormax-off-white-2018
123,https://stockx.com/nike-air-force-1-high-emotionally-unavailable
124,https://stockx.com/nike-zoom-rookie-galaxy-2019
125,https://stockx.com/nike-air-max-1-anniversary-obsidian
126,https://stockx.com/nike-air-vapormax-off-white
127,https://stockx.com/nike-air-max-1-atmos-2017
128,https://stockx.com/nike-zoom-fly-off-white
129,https://stockx.com/nike-air-force-1-low-3x1-denim-raw-indigo
130,https://stockx.com/nike-kyrie-5-spongebob-squidward
131,https://stockx.com/nike-kobe-4-protro-undefeated-milwaukee-bucks
132,https://stockx.com/nike-air-fear-of-god-1-frosted-spruce
133,https://stockx.com/nike-sb-blazer-mid-soulland-fri-day-03
134,https://stockx.com/nike-air-force-1-low-roc-a-fella-af100
135,https://stockx.com/nike-air-presto-off-white
136,https://stockx.com/nike-air-max-90-off-white
137,https://stockx.com/nike-react-element-87-dark-grey-photo-blue
138,https://stockx.com/nike-air-max-97-off-white
139,https://stockx.com/nike-react-element-87-desert-sand
140,https://stockx.com/nike-air-max-97-ultra-17-skepta
141,https://stockx.com/nike-air-max-97-cristiano-ronaldo-portugal-patchwork
142,https://stockx.com/nike-air-force-1-low-olivia-kim-no-cover-w
143,https://stockx.com/nike-air-max-97-country-camo-italy
144,https://stockx.com/nike-air-max-97-country-camo-uk
145,https://stockx.com/nike-air-max-1-sport-red-2017
146,https://stockx.com/news/best-nike-shoes-for-women/
147,https://stockx.com/nike-sb-dunk-low-travis-scott
148,https://stockx.com/nike-dunk-low-sp-kentucky
149,https://stockx.com/nike-dunk-low-sp-syracuse
150,https://stockx.com/nike-dunk-low-sp-kentucky
151,https://stockx.com/nike-dunk-low-sp-syracuse
152,https://stockx.com/nike-sb-dunk-low-travis-scott
153,https://stockx.com/nike-sb-dunk-low-atmos-safari
154,https://stockx.com/nike-sb-dunk-low-travis-scott
155,https://stockx.com/nike-dunk-low-sp-syracuse
156,https://stockx.com/nike-dunk-low-sp-kentucky
157,https://stockx.com/nike-sb-dunk-low-atmos-safari
158,https://stockx.com/nike-air-force-1-low-supreme-box-logo-white
159,https://stockx.com/nike-air-force-1-low-supreme-box-logo-black
160,https://stockx.com/nike-kyrie-4-lucky-charms
161,https://stockx.com/nike-air-max-95-atmos-animal-pack-2-2018-black-box
162,https://stockx.com/nike-air-mowabb-olivia-kim-no-cover-w
163,https://stockx.com/nike-air-force-1-low-canvas-travis-scott-af100
164,https://stockx.com/nike-air-more-uptempo-supreme-black
165,https://stockx.com/nike-air-more-uptempo-supreme-red
166,https://stockx.com/nike-lebron-1-air-zoom-generation-black-white-retro
167,https://stockx.com/nike-air-max-1-master
168,https://stockx.com/nike-air-max-97-country-camo-germany
169,https://stockx.com/nike-air-vapormax-clot-bright-crimson
170,https://stockx.com/nike-lebron-15-lifestyle-kith-stained-glass
171,https://stockx.com/nike-sb-blazer-supreme-nyc-black-2006
172,https://stockx.com/nike-kobe-4-protro-undefeated-san-antonio-spurs
173,https://stockx.com/nike-sb-dunk-low-concepts-purple-lobster
174,https://stockx.com/nike-kyrie-4-confetti
175,https://stockx.com/nike-air-more-uptempo-supreme-gold
176,https://stockx.com/nike-air-max-90-undefeated-white-optic-yellow
177,https://stockx.com/nike-air-max-97-country-camo-usa
178,https://stockx.com/nike-nike-air-max-1-sport-royal-2017
179,https://stockx.com/nike-air-max-97-country-camo-france
180,https://stockx.com/nike-dunk-sb-low-diamond-supply-co-tiffany
181,https://stockx.com/nike-dunk-sb-low-stussy-cherry
182,https://stockx.com/nike-dunk-sb-low-blue-lobster
183,https://stockx.com/nike-dunk-sb-low-supreme-ny-red-cement-2012
184,https://stockx.com/nike-air-presto-acronym-volt
185,https://stockx.com/nike-hyperadapt-1-0-black
186,https://stockx.com/nike-lebron-15-lifestyle-kith-concrete
187,https://stockx.com/nike-lebron-15-zip-kith-rose-gold
188,https://stockx.com/nike-air-presto-acronym-olive
189,https://stockx.com/nike-air-presto-acronym-bamboo
190,https://stockx.com/news/best-nike-shoes-for-women/
191,https://stockx.com/nike-sb-dunk-low-travis-scott
192,https://stockx.com/nike-dunk-low-sp-kentucky
193,https://stockx.com/nike-dunk-low-sp-syracuse
194,https://stockx.com/nike-dunk-low-sp-kentucky
195,https://stockx.com/nike-dunk-low-sp-syracuse
196,https://stockx.com/nike-sb-dunk-low-travis-scott
197,https://stockx.com/nike-sb-dunk-low-atmos-safari
198,https://stockx.com/nike-sb-dunk-low-travis-scott
199,https://stockx.com/nike-dunk-low-sp-syracuse
200,https://stockx.com/nike-dunk-low-sp-kentucky
201,https://stockx.com/nike-sb-dunk-low-atmos-safari
202,https://stockx.com/nike-air-force-1-low-supreme-box-logo-white
203,https://stockx.com/nike-air-force-1-low-supreme-box-logo-black
204,https://stockx.com/nike-dunk-sb-low-what-the-dunk
205,https://stockx.com/nike-air-mag-back-to-the-future
206,https://stockx.com/nike-air-vapormax-oreo
207,https://stockx.com/nike-air-force-1-low-vlone-2017
208,https://stockx.com/nike-flyknit-trainer-multi-color
209,https://stockx.com/nike-flyknit-lunar1-supreme-nyc-black
210,https://stockx.com/nike-dunk-sb-low-supreme-ny-white-cement-2002
211,https://stockx.com/nike-hyperdunk-marty-mcfly-2015
212,https://stockx.com/nike-dunk-sb-low-supreme-ny-black-cement-2002
213,https://stockx.com/nike-dunk-sb-low-yellow-lobster
214,https://stockx.com/nike-air-max-270-react-travis-scott
215,https://stockx.com/nike-dunk-sb-low-staple-nyc-pigeon
216,https://stockx.com/nike-air-max-90-recraft-royal-w
217,https://stockx.com/nike-dunk-sb-low-paris
218,https://stockx.com/nike-air-mag-back-to-the-future-bttf-2016
219,https://stockx.com/news/best-nike-shoes-for-women/
220,https://stockx.com/nike-sb-dunk-low-travis-scott
221,https://stockx.com/nike-dunk-low-sp-kentucky
222,https://stockx.com/nike-dunk-low-sp-syracuse
223,https://stockx.com/nike-dunk-low-sp-kentucky
224,https://stockx.com/nike-dunk-low-sp-syracuse
225,https://stockx.com/nike-sb-dunk-low-travis-scott
226,https://stockx.com/nike-sb-dunk-low-atmos-safari
227,https://stockx.com/nike-sb-dunk-low-travis-scott
228,https://stockx.com/nike-dunk-low-sp-syracuse
229,https://stockx.com/nike-dunk-low-sp-kentucky
230,https://stockx.com/nike-sb-dunk-low-atmos-safari
231,https://stockx.com/nike-air-force-1-low-supreme-box-logo-white
232,https://stockx.com/nike-air-force-1-low-supreme-box-logo-black
233,https://stockx.com/nike-air-force-1-low-white-07
234,https://stockx.com/nike-air-max-90-20-undefeated-black
235,https://stockx.com/nike-sb-dunk-high-spectrum
236,https://stockx.com/nike-air-max-1-bronze-eclipse
237,https://stockx.com/nike-air-max-90-lx-90s-dancefloor-green-w
238,https://stockx.com/nike-air-max-97-white-wolf-grey
239,https://stockx.com/nike-air-more-uptempo-olympic-2020
240,https://stockx.com/nike-sb-dunk-low-j-pack-shadow
241,https://stockx.com/nike-dunk-low-plum-2020
242,https://stockx.com/nike-sb-dunk-low-pro-blue-fury
243,https://stockx.com/nike-lebron-17-low-tune-squad
244,https://stockx.com/nike-air-force-1-dna-white
245,https://stockx.com/nike-air-vapormax-plus-white
246,https://stockx.com/nike-air-max-95-pollen-rise
247,https://stockx.com/nike-sb-dunk-low-strangelove-skateboards
248,https://stockx.com/nike-air-max-1-chinese-new-year-2020
249,https://stockx.com/nike-air-force-1-low-white-2018-w
250,https://stockx.com/nike-vapor-street-off-white-polarized-blue-w
251,https://stockx.com/nike-air-max-1-chinese-new-year-longevity-2020
252,https://stockx.com/nike-sb-dunk-low-pro-hennessy
253,https://stockx.com/nike-react-element-87-blue-chill-solar-red
254,https://stockx.com/nike-waffle-racer-off-white-black-w
255,https://stockx.com/nike-lebron-7-all-star-2020
256,https://stockx.com/nike-air-foamposite-one-white-black-university-red
257,https://stockx.com/nike-air-force-1-low-black-skeleton
258,https://stockx.com/nike-air-force-1-low-white-black-2020
259,https://stockx.com/nike-air-force-1-type-white
260,https://stockx.com/nike-air-force-1-low-g-dragon-peaceminusone-para-noise
261,https://stockx.com/nike-air-vapormax-plus-triple-black
262,https://stockx.com/nike-waffle-racer-off-white-white-w
263,https://stockx.com/nike-waffle-racer-off-white-vivid-sky-w
264,https://stockx.com/nike-air-max-1-jelly-swoosh-black-fuchsia-blue-fury
265,https://stockx.com/nike-air-force-1-shadow-spruce-aura-w
266,https://stockx.com/nike-sb-dunk-low-truck-it
267,https://stockx.com/nike-pg-4-gatorade-all-star-2020
268,https://stockx.com/nike-air-max-1-puerto-rico-2019
269,https://stockx.com/nike-lebron-17-james-gang
270,https://stockx.com/nike-air-max-2090-white-black
271,https://stockx.com/nike-ld-waffle-sacai-green-purple
272,https://stockx.com/nike-blazer-high-sacai-white-black-legend-blue
273,https://stockx.com/news/best-nike-shoes-for-women/
274,https://stockx.com/nike-sb-dunk-low-travis-scott
275,https://stockx.com/nike-dunk-low-sp-kentucky
276,https://stockx.com/nike-dunk-low-sp-syracuse
277,https://stockx.com/nike-dunk-low-sp-kentucky
278,https://stockx.com/nike-dunk-low-sp-syracuse
279,https://stockx.com/nike-sb-dunk-low-travis-scott
280,https://stockx.com/nike-sb-dunk-low-atmos-safari
281,https://stockx.com/nike-sb-dunk-low-travis-scott
282,https://stockx.com/nike-dunk-low-sp-syracuse
283,https://stockx.com/nike-dunk-low-sp-kentucky
284,https://stockx.com/nike-sb-dunk-low-atmos-safari
285,https://stockx.com/nike-air-force-1-low-supreme-box-logo-white
286,https://stockx.com/nike-air-force-1-low-supreme-box-logo-black
287,https://stockx.com/nike-air-max-1-have-a-nike-day
288,https://stockx.com/nike-air-max-97-triple-black
289,https://stockx.com/nike-air-force-1-07-black-black
290,https://stockx.com/nike-air-force-1-low-white-2014-gs
291,https://stockx.com/nike-vapor-street-off-white-black-laser-fuchsia-w
292,https://stockx.com/nike-air-max-97-nintendo-64
293,https://stockx.com/nike-zoomx-vaporfly-next-pink
294,https://stockx.com/nike-air-max-90-recraft-royal
295,https://stockx.com/nike-air-vapormax-plus-triple-red
296,https://stockx.com/nike-air-max-90-off-white-black
297,https://stockx.com/nike-air-force-1-low-colin-kaepernick
298,https://stockx.com/nike-air-force-1-shadow-pale-ivory-w
299,https://stockx.com/nike-air-force-1-type-white-black-volt
300,https://stockx.com/nike-sb-blazer-mid-edge-hack-pack-white
301,https://stockx.com/nike-air-vapormax-flyknit-3-oreo
302,https://stockx.com/nike-lebron-17-monstars
303,https://stockx.com/nike-air-force-1-low-city-of-dreams
304,https://stockx.com/nike-air-max-98-vast-grey-fresh-mint
305,https://stockx.com/nike-air-more-uptempo-olympic-2016
306,https://stockx.com/nike-air-vapormax-flyknit-3-triple-black
307,https://stockx.com/nike-air-force-1-shadow-white-magic-flamingo-w
308,https://stockx.com/nike-air-max-90-city-pack-paris-2020
309,https://stockx.com/nike-air-force-one-low-gore-tex-black-light-carbon
310,https://stockx.com/nike-zoom-freak-1-black-multi-photo-blue
311,https://stockx.com/nike-air-force-1-low-triple-red
312,https://stockx.com/nike-air-max-97-g-silver-bullet
313,https://stockx.com/nike-react-vision-honeycomb
314,https://stockx.com/nike-air-huarache-run-dna-ch-1-air-max-1-purple-punch
315,https://stockx.com/nike-sb-dunk-low-supreme-jewel-swoosh-gold
316,https://stockx.com/nike-air-force-1-low-nyc-parks
317,https://stockx.com/nike-air-force-1-low-peach-pack-pink-quartz
318,https://stockx.com/nike-air-max-720-volt-black
319,https://stockx.com/nike-air-max-270-white-black-w
320,https://stockx.com/nike-lebron-17-mr-swackhammer
321,https://stockx.com/nike-zoom-vaporfly-next-ekiden
322,https://stockx.com/nike-daybreak-vegas-gold-college-orange
323,https://stockx.com/nike-air-force-1-shadow-mystic-navy-w
324,https://stockx.com/nike-air-max-97-white-pure-platinum-w
325,https://stockx.com/nike-air-force-1-flyknit-2-white-pure-platinum
326,https://stockx.com/nike-adapt-bb-2-black
327,https://stockx.com/news/best-nike-shoes-for-women/
328,https://stockx.com/nike-sb-dunk-low-travis-scott
329,https://stockx.com/nike-dunk-low-sp-kentucky
330,https://stockx.com/nike-dunk-low-sp-syracuse
331,https://stockx.com/nike-dunk-low-sp-kentucky
332,https://stockx.com/nike-dunk-low-sp-syracuse
333,https://stockx.com/nike-sb-dunk-low-travis-scott
334,https://stockx.com/nike-sb-dunk-low-atmos-safari
335,https://stockx.com/nike-sb-dunk-low-travis-scott
336,https://stockx.com/nike-dunk-low-sp-syracuse
337,https://stockx.com/nike-dunk-low-sp-kentucky
338,https://stockx.com/nike-sb-dunk-low-atmos-safari
339,https://stockx.com/nike-air-force-1-low-supreme-box-logo-white
340,https://stockx.com/nike-air-force-1-low-supreme-box-logo-black
341,https://stockx.com/nike-air-more-money-metallic-gold-black
342,https://stockx.com/nike-air-max-95-essential-triple-black
343,https://stockx.com/nike-sb-dunk-low-supreme-jewel-swoosh-red
344,https://stockx.com/nike-air-max-90-off-white-desert-ore
345,https://stockx.com/nike-air-max-98-la-mezcla
346,https://stockx.com/nike-vapor-street-off-white-tour-yellow-w
347,https://stockx.com/nike-killshot-2-j-crew-sail-midnight-navy
348,https://stockx.com/nike-daybreak-undercover-bright-citron
349,https://stockx.com/nike-air-max-270-triple-black
350,https://stockx.com/nike-air-max-90-city-pack-tokyo-2020
351,https://stockx.com/nike-air-tailwind-79-vast-grey-light-photo-blue
352,https://stockx.com/nike-lebron-17-infrared
353,https://stockx.com/nike-sb-dunk-high-truck-it
354,https://stockx.com/nike-air-max-90-light-cream-alligator
355,https://stockx.com/nike-air-max-zero-essential-white-white-wolf-grey
356,https://stockx.com/nike-air-max-2090-reverse-duck-camo-2020
357,https://stockx.com/nike-zoom-terra-kiger-5-off-white-electric-green-w
358,https://stockx.com/nike-air-fear-of-god-moccasin-pure-platinum
359,https://stockx.com/nike-air-air-foamposite-pro-sequoia
360,https://stockx.com/nike-air-max-720-obj-odell-beckham-jr-desert-ore
361,https://stockx.com/nike-air-presto-mid-acronym-dynamic-yellow
362,https://stockx.com/nike-sb-dunk-low-island-green-gum
363,https://stockx.com/nike-air-max-270-black-white
364,https://stockx.com/nike-air-max-1-white-black-volt-rush-pink
365,https://stockx.com/nike-daybreak-cool-grey-hyper-grape
366,https://stockx.com/nike-air-max-270-dusty-cactus
367,https://stockx.com/nike-air-force-1-react-white-black-red
368,https://stockx.com/nike-blazer-mid-77-vintage-racer-blue
369,https://stockx.com/nike-air-vapormax-360-og-grey-red
370,https://stockx.com/nike-air-skylon-2-fear-of-god-white
371,https://stockx.com/nike-air-force-1-low-uninterrupted
372,https://stockx.com/nike-air-force-1-high-a-ma-maniere-hand-wash-cold
373,https://stockx.com/nike-air-force-1-low-a-ma-maniere
374,https://stockx.com/nike-air-max-95-og-fresh-mint
375,https://stockx.com/nike-air-force-1-low-white-gym-red
376,https://stockx.com/nike-air-max-720-pure-platinum
377,https://stockx.com/nike-sb-dunk-high-baroque-brown
378,https://stockx.com/nike-air-max-270-light-bone-hot-punch
379,https://stockx.com/nike-lebron-7-china-moon-2020
380,https://stockx.com/nike-air-max-90-camo-croc
381,https://stockx.com/news/best-nike-shoes-for-women/
382,https://stockx.com/nike-sb-dunk-low-travis-scott
383,https://stockx.com/nike-dunk-low-sp-kentucky
384,https://stockx.com/nike-dunk-low-sp-syracuse
385,https://stockx.com/nike-dunk-low-sp-kentucky
386,https://stockx.com/nike-dunk-low-sp-syracuse
387,https://stockx.com/nike-sb-dunk-low-travis-scott
388,https://stockx.com/nike-sb-dunk-low-atmos-safari
389,https://stockx.com/nike-sb-dunk-low-travis-scott
390,https://stockx.com/nike-dunk-low-sp-syracuse
391,https://stockx.com/nike-dunk-low-sp-kentucky
392,https://stockx.com/nike-sb-dunk-low-atmos-safari
393,https://stockx.com/nike-air-force-1-low-supreme-box-logo-white
394,https://stockx.com/nike-air-force-1-low-supreme-box-logo-black
395,https://stockx.com/nike-air-max-90-camo-croc
396,https://stockx.com/nike-react-runner-ispa-platinum-tint-volt-glow-team-red
397,https://stockx.com/nike-air-max-90-city-pack-london-2020
398,https://stockx.com/nike-air-max-720-ispa-white-black
399,https://stockx.com/nike-air-fear-of-god-1-string
400,https://stockx.com/nike-roshe-one-white-white
401,https://stockx.com/nike-air-max-1-white-light-blue-fury-w
402,https://stockx.com/nike-air-max-95-110
403,https://stockx.com/nike-air-vapormax-flyknit-3-black-pink-blast-w
404,https://stockx.com/nike-air-force-1-low-gore-tex-midnight-navy
405,https://stockx.com/nike-air-vapormax-plus-university-red
406,https://stockx.com/nike-react-infinity-run-platinum-tint-pink-blast
407,https://stockx.com/nike-sb-dunk-low-raygun-tie-dye-white
408,https://stockx.com/nike-air-max-90-be-true-2019
409,https://stockx.com/nike-air-max-1-swipa
410,https://stockx.com/nike-air-foamposite-pro-purple-camo
411,https://stockx.com/nike-air-vapormax-2019-triple-black
412,https://stockx.com/nike-sb-dunk-low-pro-black-pine-green
413,https://stockx.com/nike-air-force-1-low-07-white-obsidian
414,https://stockx.com/nike-lebron-17-more-than-an-athlete
415,https://stockx.com/nike-air-force-1-low-bhm-2020
416,https://stockx.com/nike-air-max-90-black-wolf-grey
417,https://stockx.com/nike-nike-air-force-1-type-black-royal
418,https://stockx.com/nike-air-force-1-shadow-removable-patches-black-pink-w
419,https://stockx.com/nike-air-max-1-time-capsule-pack
420,https://stockx.com/nike-air-max-97-corduroy-light-blue
421,https://stockx.com/nike-air-max-97-olympic-rings-pack-black
422,https://stockx.com/nike-air-vapormax-plus-university-gold-w
423,https://stockx.com/nike-air-skylon-2-fear-of-god-bone
424,https://stockx.com/nike-blazer-mid-stranger-things-upside-down-pack
425,https://stockx.com/nike-zoomx-vaporfly-next-volt
426,https://stockx.com/nike-lebron-17-lakers
427,https://stockx.com/nike-lebron-17-university-red
428,https://stockx.com/nike-kd-12-university-red
429,https://stockx.com/nike-air-max-plus-og-pimento-2018
430,https://stockx.com/nike-air-max-90-the-basement-grey-fog
431,https://stockx.com/nike-air-force-1-mid-white-07
432,https://stockx.com/nike-nike-air-max-1-white-red-blue
433,https://stockx.com/news/best-nike-shoes-for-women/
434,https://stockx.com/nike-sb-dunk-low-travis-scott
435,https://stockx.com/nike-dunk-low-sp-kentucky
436,https://stockx.com/nike-dunk-low-sp-syracuse
437,https://stockx.com/nike-dunk-low-sp-kentucky
438,https://stockx.com/nike-dunk-low-sp-syracuse
439,https://stockx.com/nike-sb-dunk-low-travis-scott
440,https://stockx.com/nike-sb-dunk-low-atmos-safari
441,https://stockx.com/nike-sb-dunk-low-travis-scott
442,https://stockx.com/nike-dunk-low-sp-syracuse
443,https://stockx.com/nike-dunk-low-sp-kentucky
444,https://stockx.com/nike-sb-dunk-low-atmos-safari
445,https://stockx.com/nike-air-force-1-low-supreme-box-logo-white
446,https://stockx.com/nike-air-force-1-low-supreme-box-logo-black
447,https://stockx.com/nike-air-force-1-flyknit-2-black-pure-platinum
448,https://stockx.com/nike-air-max-1-dna-ch-1-huarache
449,https://stockx.com/nike-air-max-1-atomic-violet-w
450,https://stockx.com/nike-air-vapormax-2019-white-metallic-gold-w
451,https://stockx.com/nike-air-force-1-low-white-deep-royal
452,https://stockx.com/nike-air-max-90-recraft-turquoise
453,https://stockx.com/nike-air-vapormax-flyknit-3-triple-black-w
454,https://stockx.com/nike-air-max-270-white-black-photo-blue
455,https://stockx.com/nike-air-max-720-team-red
456,https://stockx.com/nike-air-max-90-recraft-rose
457,https://stockx.com/nike-air-max-90-metallic-gold-2020-w
458,https://stockx.com/nike-air-zoom-spiridon-cage-2-stussy-fossil
459,https://stockx.com/nike-ld-waffle-sacai-green-multi
460,https://stockx.com/nike-air-force-1-type
461,https://stockx.com/nike-air-force-1-low-off-white-university-blue
462,https://stockx.com/nike-react-element-55-triple-black
463,https://stockx.com/nike-lebron-17-future-air
464,https://stockx.com/nike-air-presto-mid-acronym-cool-grey
465,https://stockx.com/nike-air-max-90-viotech
466,https://stockx.com/nike-air-max-plus-og-voltage-purple
467,https://stockx.com/nike-sb-dunk-low-pro-dark-russet-cedar
468,https://stockx.com/nike-air-max-1-white-photo-blue-black
469,https://stockx.com/nike-sb-bruin-react-the-poets
470,https://stockx.com/nike-react-runner-ispa-ghost-aqua-total-crimson
471,https://stockx.com/nike-air-force-1-low-travis-scott-cactus-jack-ps
472,https://stockx.com/nike-lebron-3-houston-oilers-2019
473,https://stockx.com/nike-air-max-90-desert-sand
474,https://stockx.com/nike-air-vapormax-flyknit-3-white-pure-platinum
475,https://stockx.com/nike-react-element-87-red-orbit
476,https://stockx.com/nike-killshot-2-leather-j-crew
477,https://stockx.com/nike-air-max-270-react-hyper-jade
478,https://stockx.com/nike-air-force-1-low-flax-2019
479,https://stockx.com/nike-air-max-720-undercover-black
480,https://stockx.com/nike-sb-dunk-low-raygun-tie-dye-black-td
481,https://stockx.com/nike-kd-12-don-c
482,https://stockx.com/nike-air-max-95-day-of-the-dead-2019
483,https://stockx.com/nike-air-foamposite-one-all-over-swoosh-black
484,https://stockx.com/nike-air-foamposite-one-cracked-lava
485,https://stockx.com/nike-air-vapormax-plus-black-noble-red
486,https://stockx.com/nike-air-force-1-type-white-gold
487,https://stockx.com/news/best-nike-shoes-for-women/
488,https://stockx.com/nike-sb-dunk-low-travis-scott
489,https://stockx.com/nike-dunk-low-sp-kentucky
490,https://stockx.com/nike-dunk-low-sp-syracuse
491,https://stockx.com/nike-dunk-low-sp-kentucky
492,https://stockx.com/nike-dunk-low-sp-syracuse
493,https://stockx.com/nike-sb-dunk-low-travis-scott
494,https://stockx.com/nike-sb-dunk-low-atmos-safari
495,https://stockx.com/nike-sb-dunk-low-travis-scott
496,https://stockx.com/nike-dunk-low-sp-syracuse
497,https://stockx.com/nike-dunk-low-sp-kentucky
498,https://stockx.com/nike-sb-dunk-low-atmos-safari
499,https://stockx.com/nike-air-force-1-low-supreme-box-logo-white
500,https://stockx.com/nike-air-force-1-low-supreme-box-logo-black
501,https://stockx.com/nike-air-force-1-07-black-white-gum
502,https://stockx.com/nike-air-force-1-low-fossil
503,https://stockx.com/nike-react-element-55-ocean-cube
504,https://stockx.com/nike-air-force-1-low-acg-black
505,https://stockx.com/nike-air-max-uptempo-95-white-photo-blue-black
506,https://stockx.com/nike-air-force-one-low-gore-tex-white-sail-black
507,https://stockx.com/nike-air-max-97-lucky-green
508,https://stockx.com/nike-air-max-97-black-chile-red-magma-orange
509,https://stockx.com/nike-kyrie-5-spongebob-pineapple-house
510,https://stockx.com/nike-air-fear-of-god-raid-black
511,https://stockx.com/nike-air-max-1-tokyo-maze
512,https://stockx.com/nike-air-max-270-react-bauhaus
513,https://stockx.com/nike-sb-dunk-low-premium-white-game-royal
514,https://stockx.com/nike-mars-yard-overshoe-tom-sachs
515,https://stockx.com/nike-air-max-plus-og-hyper-blue-2018
516,https://stockx.com/nike-sb-dunk-high-oski-shark
517,https://stockx.com/nike-lebron-7-nfw-red-carpet-2019
518,https://stockx.com/nike-air-max-97-leopard-pack-red-w
519,https://stockx.com/nike-air-max-2017-triple-black
520,https://stockx.com/nike-kobe-4-protro-wizenard
521,https://stockx.com/nike-air-force-1-low-snakeskin-2019
522,https://stockx.com/nike-air-fear-of-god-1-light-bone
523,https://stockx.com/nike-air-max-90-new-species
524,https://stockx.com/nike-pg-4-gatorade
525,https://stockx.com/nike-blazer-mid-77-vintage-optic-yellow
526,https://stockx.com/nike-dunk-sb-low-de-la-soul-low
527,https://stockx.com/nike-kyrie-5-white-denim
528,https://stockx.com/nike-air-max-97-throwback-future
529,https://stockx.com/nike-air-vapormax-flyknit-2-black-multi-color-w
530,https://stockx.com/nike-air-vapormax-2019-throwback-future
531,https://stockx.com/nike-air-force-1-shadow-phantom-w
532,https://stockx.com/nike-air-vapormax-95-neon
533,https://stockx.com/nike-air-force-1-shadow-triple-white-w
534,https://stockx.com/nike-air-max-1-have-a-nike-day-gs
535,https://stockx.com/nike-air-force-1-high-white-2016
536,https://stockx.com/nike-air-max-720-black-neon-streaks
537,https://stockx.com/nike-air-vapormax-flyknit-3-black-snakeskin
538,https://stockx.com/nike-react-element-55-white-black-crimson-gold
539,https://stockx.com/news/best-nike-shoes-for-women/
540,https://stockx.com/nike-sb-dunk-low-travis-scott
541,https://stockx.com/nike-dunk-low-sp-kentucky
542,https://stockx.com/nike-dunk-low-sp-syracuse
543,https://stockx.com/nike-dunk-low-sp-kentucky
544,https://stockx.com/nike-dunk-low-sp-syracuse
545,https://stockx.com/nike-sb-dunk-low-travis-scott
546,https://stockx.com/nike-sb-dunk-low-atmos-safari
547,https://stockx.com/nike-sb-dunk-low-travis-scott
548,https://stockx.com/nike-dunk-low-sp-syracuse
549,https://stockx.com/nike-dunk-low-sp-kentucky
550,https://stockx.com/nike-sb-dunk-low-atmos-safari
551,https://stockx.com/nike-air-force-1-low-supreme-box-logo-white
552,https://stockx.com/nike-air-force-1-low-supreme-box-logo-black
553,https://stockx.com/nike-kyrie-6-black-white
554,https://stockx.com/nike-air-max-270-south-beach
555,https://stockx.com/nike-air-max-goadome-black
556,https://stockx.com/nike-air-force-1-low-metallic-chrome-w
557,https://stockx.com/nike-air-max-deluxe-black-laser-fuchsia-regency-purple
558,https://stockx.com/nike-air-vapormax-flyknit-3-oreo-w
559,https://stockx.com/nike-air-max-1-wolf-grey-white
560,https://stockx.com/nike-vaporfly-4-flyknit-deep-royal-blue
561,https://stockx.com/nike-air-max-270-react-psychedelic-movement-w
562,https://stockx.com/nike-kyrie-6-trophies
563,https://stockx.com/nike-air-max-95-bhm-2020
564,https://stockx.com/nike-air-max-720-waves-white
565,https://stockx.com/nike-kobe-ad-nxt-ff-vast-grey-blue-hero
566,https://stockx.com/nike-air-max-90-tokyo-olympics-2020
567,https://stockx.com/nike-air-huarache-run-dna-ch-1-air-max-1
568,https://stockx.com/nike-air-max-270-react-safari-grey-red
569,https://stockx.com/nike-air-max-97-olympic-rings-pack-red
570,https://stockx.com/nike-air-force-1-low-white-university-red
571,https://stockx.com/nike-air-max-97-triple-volt-w
572,https://stockx.com/nike-air-max-1-pastel-multi-w
573,https://stockx.com/nike-air-max-95-antifreeze-2019
574,https://stockx.com/nike-lebron-17-college-navy
575,https://stockx.com/nike-air-max-90-20-undefeated-blue
576,https://stockx.com/nike-air-fear-of-god-1-sail-black
577,https://stockx.com/nike-blazer-high-stranger-things-hawkins-high-school
578,https://stockx.com/nike-air-max-720-obj-odell-beckham-jr
579,https://stockx.com/nike-kd-12-aunt-pearl
580,https://stockx.com/nike-air-skylon-2-fear-of-god-black-sail
581,https://stockx.com/nike-air-max-1-tinker-schematic
582,https://stockx.com/nike-air-max-tailwind-4-supreme-white
583,https://stockx.com/nike-blazer-mid-off-white-grim-reaper
584,https://stockx.com/nike-blazer-mid-77-habanero-red
585,https://stockx.com/nike-cortez-basic-slip-kendrick-lamar-white
586,https://stockx.com/nike-kd-12-eybl
587,https://stockx.com/nike-sb-dunk-low-diamond-supply-co-black-diamond
588,https://stockx.com/nike-daybreak-undercover-obsidian-w
589,https://stockx.com/nike-air-force-1-low-travis-scott-cactus-jack-td
590,https://stockx.com/nike-cortez-basic-leather-forrest-gump-2017
591,https://stockx.com/nike-kobe-ad-nxt-ff-queen
592,https://stockx.com/news/best-nike-shoes-for-women/
593,https://stockx.com/nike-sb-dunk-low-travis-scott
594,https://stockx.com/nike-dunk-low-sp-kentucky
595,https://stockx.com/nike-dunk-low-sp-syracuse
596,https://stockx.com/nike-dunk-low-sp-kentucky
597,https://stockx.com/nike-dunk-low-sp-syracuse
598,https://stockx.com/nike-sb-dunk-low-travis-scott
599,https://stockx.com/nike-sb-dunk-low-atmos-safari
600,https://stockx.com/nike-sb-dunk-low-travis-scott
601,https://stockx.com/nike-dunk-low-sp-syracuse
602,https://stockx.com/nike-dunk-low-sp-kentucky
603,https://stockx.com/nike-sb-dunk-low-atmos-safari
604,https://stockx.com/nike-air-force-1-low-supreme-box-logo-white
605,https://stockx.com/nike-air-force-1-low-supreme-box-logo-black
606,https://stockx.com/nike-lebron-17-black-white
607,https://stockx.com/nike-kobe-4-protro-snake
608,https://stockx.com/nike-air-vapormax-flyknit-3-throwback-future
609,https://stockx.com/nike-lebron-icon-john-elliott-tulip-pink
610,https://stockx.com/nike-air-vapormax-2019-black-metallic-gold
611,https://stockx.com/nike-blazer-mid-patchwork
612,https://stockx.com/nike-roshe-run-triple-black
613,https://stockx.com/nike-air-max-90-unc
614,https://stockx.com/nike-air-force-1-gore-tex-high-triple-black
615,https://stockx.com/nike-air-force-1-vandalized-sail-chrome-yellow-w
616,https://stockx.com/nike-air-vapormax-moc-2-acronym-light-bone
617,https://stockx.com/nike-air-max-97-black-red-silver
618,https://stockx.com/nike-air-max-97-mschf-x-inri-jesus-shoes
619,https://stockx.com/nike-air-max-1-se-windbreaker
620,https://stockx.com/nike-air-max-98-white
621,https://stockx.com/nike-air-max-97-g-grass
622,https://stockx.com/nike-react-element-55-day-and-night
623,https://stockx.com/nike-air-flightposite-2-white-navy
624,https://stockx.com/nike-air-max-97-all-over-print-black-red
625,https://stockx.com/nike-air-max-plus-3-hyper-blue
626,https://stockx.com/nike-dunk-sb-high-de-la-soul-2015
627,https://stockx.com/nike-air-max-720-ispa-black-reflect-silver
628,https://stockx.com/nike-kobe-a-d-demar-derozan-blue
629,https://stockx.com/nike-kd-11-chinese-zodiac
630,https://stockx.com/nike-air-max-plus-retro-future
631,https://stockx.com/nike-daybreak-metallic-gold
632,https://stockx.com/nike-cruzrone-bright-crimson
633,https://stockx.com/nike-air-force-1-high-lauren-halsey-summaeverythang
634,https://stockx.com/nike-air-max-98-black-oil-grey
635,https://stockx.com/nike-acg-terra-antarktik-black-midnight-turquoise
636,https://stockx.com/nike-vandalised-lx-white-platinum-tint-w
637,https://stockx.com/nike-air-zoom-pegasus-36-trail-gyakusou-red
638,https://stockx.com/nike-air-max-tailwind-4-black-metallic-silver
639,https://stockx.com/nike-react-element-55-black-pure-platinum-teal-nebula
640,https://stockx.com/nike-sb-gts-return-safari
641,https://stockx.com/nike-sb-gts-the-return-sport-red-pure-platinum
642,https://stockx.com/nike-air-huarache-gripp-black-white
643,https://stockx.com/nike-lebron-17-low-black-red-dark-grey
644,https://stockx.com/nike-sb-nike-air-force-2-low-team-red-obsidian
645,https://stockx.com/nike-zoom-freak-1-employee-of-the-month
646,https://stockx.com/news/best-nike-shoes-for-women/
647,https://stockx.com/nike-sb-dunk-low-travis-scott
648,https://stockx.com/nike-dunk-low-sp-kentucky
649,https://stockx.com/nike-dunk-low-sp-syracuse
650,https://stockx.com/nike-dunk-low-sp-kentucky
651,https://stockx.com/nike-dunk-low-sp-syracuse
652,https://stockx.com/nike-sb-dunk-low-travis-scott
653,https://stockx.com/nike-sb-dunk-low-atmos-safari
654,https://stockx.com/nike-sb-dunk-low-travis-scott
655,https://stockx.com/nike-dunk-low-sp-syracuse
656,https://stockx.com/nike-dunk-low-sp-kentucky
657,https://stockx.com/nike-sb-dunk-low-atmos-safari
658,https://stockx.com/nike-air-force-1-low-supreme-box-logo-white
659,https://stockx.com/nike-air-force-1-low-supreme-box-logo-black
660,https://stockx.com/nike-adapt-bb-2-chicago-2k-gamer-exclusive
661,https://stockx.com/nike-air-max-97-white-hot
662,https://stockx.com/nike-blazer-mid-77-baroque-brown
663,https://stockx.com/nike-air-fear-of-god-raid-light-bone
664,https://stockx.com/nike-air-force-1-air-foamposite-cup-triple-black
665,https://stockx.com/nike-blazer-mid-off-white-all-hallows-eve
666,https://stockx.com/nike-air-max-720-black-mesh
667,https://stockx.com/nike-react-element-87-light-orewood-brown
668,https://stockx.com/nike-air-max-97-metallic-gold-2018
669,https://stockx.com/nike-air-max-tailwind-4-white-volt-black
670,https://stockx.com/nike-air-max-90-green-python
671,https://stockx.com/nike-sb-dunk-high-black-sheep-hornet
672,https://stockx.com/nike-air-vapormax-flyknit-3-multi-color
673,https://stockx.com/nike-lebron-icon-john-elliott-black
674,https://stockx.com/nike-kyrie-5-black-rainbow-soles
675,https://stockx.com/nike-kobe-ad-nxt-ff-vast-grey
676,https://stockx.com/nike-air-foamposite-one-shattered-backboard
677,https://stockx.com/nike-lebron-16-four-horsemen
678,https://stockx.com/nike-air-force-1-low-removable-swoosh-pack-white-vachetta-tan
679,https://stockx.com/nike-sb-dunk-low-diamond-supply-co-white-diamond
680,https://stockx.com/nike-air-force-1-low-anthracite
681,https://stockx.com/nike-kd-12-white-wolf-grey
682,https://stockx.com/nike-lebron-icon-john-elliott-summit-white
683,https://stockx.com/nike-air-max-270-react-black-vast-grey
684,https://stockx.com/nike-dunk-sb-high-diamond-supply-co-tiffany
685,https://stockx.com/nike-air-max-720-obsidian-blue-fury
686,https://stockx.com/nike-air-max-270-bowfin-triple-black
687,https://stockx.com/nike-zoomx-vaporfly-next-blue-ribbon-sports
688,https://stockx.com/nike-lebron-17-i-promise
689,https://stockx.com/nike-air-max-90-white-photo-blue-total-orange
690,https://stockx.com/nike-air-vapormax-2-gridiron-pink-blast
691,https://stockx.com/nike-air-force-1-gore-tex-high-triple-black
692,https://stockx.com/nike-air-force-1-07-lv8-grey-suede
693,https://stockx.com/nike-daybreak-white-university-red
694,https://stockx.com/nike-lebron-16-low-agimat
695,https://stockx.com/nike-classic-cortez-day-of-the-dead-2019
696,https://stockx.com/nike-air-force-1-low-shibuya-halloween
697,https://stockx.com/nike-air-vapormax-95-comet
698,https://stockx.com/nike-air-max-90-atmos-we-love-nike-bright-crimson
699,https://stockx.com/news/best-nike-shoes-for-women/
700,https://stockx.com/nike-sb-dunk-low-travis-scott
701,https://stockx.com/nike-dunk-low-sp-kentucky
702,https://stockx.com/nike-dunk-low-sp-syracuse
703,https://stockx.com/nike-dunk-low-sp-kentucky
704,https://stockx.com/nike-dunk-low-sp-syracuse
705,https://stockx.com/nike-sb-dunk-low-travis-scott
706,https://stockx.com/nike-sb-dunk-low-atmos-safari
707,https://stockx.com/nike-sb-dunk-low-travis-scott
708,https://stockx.com/nike-dunk-low-sp-syracuse
709,https://stockx.com/nike-dunk-low-sp-kentucky
710,https://stockx.com/nike-sb-dunk-low-atmos-safari
711,https://stockx.com/nike-air-force-1-low-supreme-box-logo-white
712,https://stockx.com/nike-air-force-1-low-supreme-box-logo-black
713,https://stockx.com/nike-air-force-1-jester-xx-triple-white-w
714,https://stockx.com/nike-react-element-55-dynamic-yellow
715,https://stockx.com/nike-shox-tl-black-metallic-hematite
716,https://stockx.com/nike-sb-dunk-mid-white-widow
717,https://stockx.com/nike-air-bakin-posite-metallic-pewter
718,https://stockx.com/nike-air-force-1-low-chicago-all-star-2020
719,https://stockx.com/nike-air-zoom-pegasus-36-trail-gyakusou-yellow
720,https://stockx.com/nike-air-max-1-thunder-grey
721,https://stockx.com/nike-air-max-90-city-pack-nyc-2020
722,https://stockx.com/nike-air-more-uptempo-black-white-laser-crimson
723,https://stockx.com/nike-air-max-90-undefeated-black-blue-fury
724,https://stockx.com/nike-air-max-97-matrix
725,https://stockx.com/nike-kyrie-6-oracle-aqua
726,https://stockx.com/nike-air-zoom-alphafly-next-black-electric-green
727,https://stockx.com/nike-kyrie-6-grand-purple
728,https://stockx.com/nike-sb-nyjah-white-anthracite
729,https://stockx.com/nike-sb-dunk-low-420-galaxy
730,https://stockx.com/nike-air-force-1-low-realtree-orange
731,https://stockx.com/nike-air-vapormax-flyknit-3-phantom-laser-fuchsia-w
732,https://stockx.com/nike-vaporfly-4-flyknit-bright-crimson-black-sapphire
733,https://stockx.com/nike-air-max-90-undefeated-white-solar-red
734,https://stockx.com/nike-react-element-55-black-metallic-gold-white
735,https://stockx.com/nike-air-vapormax-plus-lemon-lime-w
736,https://stockx.com/nike-pg-4-black-light-smoke-grey
737,https://stockx.com/nike-air-force-1-low-icon-clash-white-metallic-gold-w
738,https://stockx.com/nike-air-force-1-low-sail-amber-rise
739,https://stockx.com/nike-react-type-gtx-black-bright-ceramic
740,https://stockx.com/nike-killshot-2-leather-sail-oil-grey-gum
741,https://stockx.com/nike-air-vapormax-plus-speed-yellow-white-w
742,https://stockx.com/nike-air-max-90-bubbles
743,https://stockx.com/nike-air-vapormax-3-white-dynamic-yellow
744,https://stockx.com/nike-air-barrage-low-super-bowl-liv
745,https://stockx.com/nike-air-vapormax-flyknit-3-black-barely-rose-w
746,https://stockx.com/nike-air-max-90-multicolor-suede
747,https://stockx.com/nike-air-max-720-strn-black-blue-pink
748,https://stockx.com/nike-air-max-2090-white-black-w
749,https://stockx.com/nike-air-max-97-london-summer-of-love
750,https://stockx.com/nike-react-element-87-volt-racer-pink
751,https://stockx.com/nike-air-force-1-type-black
752,https://stockx.com/nike-adapt-bb-dark-grey
753,https://stockx.com/news/best-nike-shoes-for-women/
754,https://stockx.com/nike-sb-dunk-low-travis-scott
755,https://stockx.com/nike-dunk-low-sp-kentucky
756,https://stockx.com/nike-dunk-low-sp-syracuse
757,https://stockx.com/nike-dunk-low-sp-kentucky
758,https://stockx.com/nike-dunk-low-sp-syracuse
759,https://stockx.com/nike-sb-dunk-low-travis-scott
760,https://stockx.com/nike-sb-dunk-low-atmos-safari
761,https://stockx.com/nike-sb-dunk-low-travis-scott
762,https://stockx.com/nike-dunk-low-sp-syracuse
763,https://stockx.com/nike-dunk-low-sp-kentucky
764,https://stockx.com/nike-sb-dunk-low-atmos-safari
765,https://stockx.com/nike-air-force-1-low-supreme-box-logo-white
766,https://stockx.com/nike-air-force-1-low-supreme-box-logo-black
767,https://stockx.com/nike-air-foamposite-one-chrome-white-w
768,https://stockx.com/nike-cortez-stranger-things-hawkins-high-school
769,https://stockx.com/nike-air-max-270-white-black
770,https://stockx.com/nike-sb-dunk-low-panda-pigeon
771,https://stockx.com/nike-air-max-97-black-white
772,https://stockx.com/nike-air-fear-of-god-moccasin-particle-beige
773,https://stockx.com/nike-moon-racer-monarch
774,https://stockx.com/nike-kyrie-6-concepts-khepri-special-box
775,https://stockx.com/nike-react-presto-barely-volt
776,https://stockx.com/nike-air-more-uptempo-96-camo
777,https://stockx.com/nike-react-element-87-dusty-peach
778,https://stockx.com/nike-kobe-4-protro-carpe-diem
779,https://stockx.com/nike-air-force-1-low-a-cold-wall-black
780,https://stockx.com/nike-sb-dunk-high-fpar
781,https://stockx.com/nike-zoom-vomero-5-a-cold-wall-black
782,https://stockx.com/nike-air-max-97-have-a-nike-day-gs
783,https://stockx.com/nike-air-vapormax-plus-paris-works-in-progress
784,https://stockx.com/nike-air-vapormax-2019-windbreaker
785,https://stockx.com/nike-air-max-1-windbreaker
786,https://stockx.com/nike-air-foamposite-one-floral
787,https://stockx.com/nike-blazer-mid-77-pacific-blue
788,https://stockx.com/nike-air-max-97-leopard-pack-black-w
789,https://stockx.com/nike-air-max-90-grape
790,https://stockx.com/nike-react-element-55-gym-red
791,https://stockx.com/nike-air-max-95-og-black-anthracite
792,https://stockx.com/nike-kobe-1-protro-white-black-red
793,https://stockx.com/nike-air-max-720-obj-odell-beckham-jr-black
794,https://stockx.com/nike-air-max-720-sea-forest
795,https://stockx.com/nike-air-force-1-sage-low-particle-beige-w
796,https://stockx.com/nike-lebron-7-x-mas-2019
797,https://stockx.com/nike-air-flightposite-1-black-topaz-mist
798,https://stockx.com/nike-air-force-1-low-nba-paris-game
799,https://stockx.com/nike-air-barrage-mid-raptors
800,https://stockx.com/nike-air-foamposite-one-legion-green
801,https://stockx.com/nike-zoom-fly-mercurial-off-white-black
802,https://stockx.com/nike-zoom-vomero-5-electric-green-black
803,https://stockx.com/nike-air-max-97-undftd-black
804,https://stockx.com/news/best-nike-shoes-for-women/
805,https://stockx.com/nike-sb-dunk-low-travis-scott
806,https://stockx.com/nike-dunk-low-sp-kentucky
807,https://stockx.com/nike-dunk-low-sp-syracuse
808,https://stockx.com/nike-dunk-low-sp-kentucky
809,https://stockx.com/nike-dunk-low-sp-syracuse
810,https://stockx.com/nike-sb-dunk-low-travis-scott
811,https://stockx.com/nike-sb-dunk-low-atmos-safari
812,https://stockx.com/nike-sb-dunk-low-travis-scott
813,https://stockx.com/nike-dunk-low-sp-syracuse
814,https://stockx.com/nike-dunk-low-sp-kentucky
815,https://stockx.com/nike-sb-dunk-low-atmos-safari
816,https://stockx.com/nike-air-force-1-low-supreme-box-logo-white
817,https://stockx.com/nike-air-force-1-low-supreme-box-logo-black
818,https://stockx.com/nike-air-max-97-jacket-pack
819,https://stockx.com/nike-air-max-90-city-pack-shanghai-2020
820,https://stockx.com/nike-air-max-97-black-white-anthricite
821,https://stockx.com/nike-air-max-270-react-black-white-bleached-coral-w
822,https://stockx.com/nike-zoom-nike-kd12-wolf-black
823,https://stockx.com/nike-air-vapormax-plus-wolf-grey-black
824,https://stockx.com/nike-air-force-1-low-qs-black-white
825,https://stockx.com/nike-dunk-sb-high-cali-2014
826,https://stockx.com/nike-acg-terra-antarktik-summit-white
827,https://stockx.com/nike-air-max-95-sp-multicolor
828,https://stockx.com/nike-air-max-plus-97-frequency-pack
829,https://stockx.com/nike-air-force-1-low-metallic-gold-w
830,https://stockx.com/nike-air-vapormax-95-neo-turquoise
831,https://stockx.com/nike-air-force-1-low-yellow-pulse
832,https://stockx.com/nike-air-max-97-white-black-volt-rush-pink
833,https://stockx.com/nike-mamba-focus-lakers
834,https://stockx.com/nike-air-vapormax-flyknit-3-aviator-grey-metallic-pewter
835,https://stockx.com/nike-lebron-17-global-currency
836,https://stockx.com/nike-air-vapormax-plus-bright-crimson-pink-blast-w
837,https://stockx.com/nike-mars-yard-overshoe-tom-sachs-i
838,https://stockx.com/nike-zoom-pulse-black-teal-tint
839,https://stockx.com/nike-air-max-90-1-spruce-lime
840,https://stockx.com/nike-air-max-720-black-fuel-orange
841,https://stockx.com/nike-sb-dunk-mid-orange-label
842,https://stockx.com/nike-air-force-1-low-satin-floral-pale-ivory
843,https://stockx.com/nike-air-force-1-utility-volt
844,https://stockx.com/nike-air-max-270-react-blue-void
845,https://stockx.com/nike-air-max-97-pale-pink-w
846,https://stockx.com/nike-sb-dunk-low-travis-scott-special-box
847,https://stockx.com/nike-air-max-97-gradient-fade
848,https://stockx.com/nike-air-max-270-volt
849,https://stockx.com/nike-air-huarache-run-ultra-triple-black
850,https://stockx.com/nike-mamba-focus-university-red
851,https://stockx.com/nike-acg-terra-antarktik-juniper-fog
852,https://stockx.com/nike-air-tailwind-79-baroque-brown-pure-platinum
853,https://stockx.com/nike-air-max-90-essential-black-gold
854,https://stockx.com/nike-air-vapormax-utility-black-volt-bright-crimson
855,https://stockx.com/nike-air-vapormax-plus-black-clear-emerald
856,https://stockx.com/nike-air-vapormax-plus-hyper-violet-w
857,https://stockx.com/nike-air-vapormax-flyknit-3-sunset-tint-w
858,https://stockx.com/news/best-nike-shoes-for-women/
859,https://stockx.com/nike-sb-dunk-low-travis-scott
860,https://stockx.com/nike-dunk-low-sp-kentucky
861,https://stockx.com/nike-dunk-low-sp-syracuse
862,https://stockx.com/nike-dunk-low-sp-kentucky
863,https://stockx.com/nike-dunk-low-sp-syracuse
864,https://stockx.com/nike-sb-dunk-low-travis-scott
865,https://stockx.com/nike-sb-dunk-low-atmos-safari
866,https://stockx.com/nike-sb-dunk-low-travis-scott
867,https://stockx.com/nike-dunk-low-sp-syracuse
868,https://stockx.com/nike-dunk-low-sp-kentucky
869,https://stockx.com/nike-sb-dunk-low-atmos-safari
870,https://stockx.com/nike-air-force-1-low-supreme-box-logo-white
871,https://stockx.com/nike-air-force-1-low-supreme-box-logo-black
872,https://stockx.com/nike-air-max-270-summer-gradient
873,https://stockx.com/nike-air-force-1-low-black-2014-gs
874,https://stockx.com/nike-sb-zoom-blazer-mid-stussy
875,https://stockx.com/nike-sb-zoom-blazer-mid-black-white-2019
876,https://stockx.com/nike-air-vapormax-2019-utility-black-cosmic-clay-teal-nebula
877,https://stockx.com/nike-air-vapormax-flyknit-3-pure-platinum-w
878,https://stockx.com/nike-air-force-1-jester-xx-white-black-w
879,https://stockx.com/nike-air-max-97-light-soft-pink-black-w
880,https://stockx.com/nike-dunk-sb-low-premier-fish-ladder
881,https://stockx.com/nike-air-force-1-low-07-premium-pale-ivory
882,https://stockx.com/nike-air-vapormax-2019-triple-black-w
883,https://stockx.com/nike-air-pippen-1-work-blue
884,https://stockx.com/nike-air-max-720-white-teal
885,https://stockx.com/nike-dunk-sb-low-pushead-2
886,https://stockx.com/nike-dunk-sb-low-concord
887,https://stockx.com/nike-air-max-97-olympic-rings-pack-yellow
888,https://stockx.com/nike-air-force-1-winter-gore-tex-sequoia
889,https://stockx.com/nike-air-force-1-shadow-vast-grey-laser-orange-w
890,https://stockx.com/nike-air-vapormax-flyknit-3-laser-fuchsia-laser-orange-w
891,https://stockx.com/nike-air-vapormax-flyknit-3-noble-red-blue-void
892,https://stockx.com/nike-react-element-55-guava-ice-vast-grey-lucid-green
893,https://stockx.com/nike-air-force-1-07-1-sail
894,https://stockx.com/nike-air-huarache-run-prm-rust-pink-metallic-red-bronze-sail
895,https://stockx.com/nike-air-max-verona-guava-ice-w
896,https://stockx.com/nike-zoom-pegasus-turbo-2-electric-green
897,https://stockx.com/nike-air-max-90-recraft-iron-grey
898,https://stockx.com/nike-air-force-1-shadow-beige-pale-ivory-w
899,https://stockx.com/nike-air-max-plus-white-red-blue
900,https://stockx.com/nike-air-max-90-recraft-wolf-grey
901,https://stockx.com/nike-air-max-720-ispa-metallic-silver-black
902,https://stockx.com/nike-zoom-pegasus-35-turbo-sail-w
903,https://stockx.com/nike-air-vapormax-360-summit-white-ghost-green
904,https://stockx.com/nike-air-max-plus-black-anthracite
905,https://stockx.com/nike-air-force-1-low-triple-white-2017-ps
906,https://stockx.com/nike-air-max-2090-lava-glow-w
907,https://stockx.com/nike-kyrie-5-spongebob
908,https://stockx.com/nike-kyrie-2-low-spongebob-sandy-cheeks
909,https://stockx.com/nike-air-force-1-low-what-the-la
910,https://stockx.com/nike-kyrie-5-spongebob-pineapple-house-gs
911,https://stockx.com/nike-kobe-4-protro-undefeated-black-mamba
912,https://stockx.com/news/best-nike-shoes-for-women/
913,https://stockx.com/nike-sb-dunk-low-travis-scott
914,https://stockx.com/nike-dunk-low-sp-kentucky
915,https://stockx.com/nike-dunk-low-sp-syracuse
916,https://stockx.com/nike-dunk-low-sp-kentucky
917,https://stockx.com/nike-dunk-low-sp-syracuse
918,https://stockx.com/nike-sb-dunk-low-travis-scott
919,https://stockx.com/nike-sb-dunk-low-atmos-safari
920,https://stockx.com/nike-sb-dunk-low-travis-scott
921,https://stockx.com/nike-dunk-low-sp-syracuse
922,https://stockx.com/nike-dunk-low-sp-kentucky
923,https://stockx.com/nike-sb-dunk-low-atmos-safari
924,https://stockx.com/nike-air-force-1-low-supreme-box-logo-white
925,https://stockx.com/nike-air-force-1-low-supreme-box-logo-black
926,https://stockx.com/nike-air-force-1-low-devin-booker
927,https://stockx.com/nike-sb-blazer-low-parra
928,https://stockx.com/nike-react-element-87-moss
929,https://stockx.com/nike-sb-dunk-low-corduroy-dusty-peach
930,https://stockx.com/nike-react-element-55-black-white
931,https://stockx.com/nike-air-foamposite-one-particle-beige-w
932,https://stockx.com/nike-air-foamposite-one-navy-gum
933,https://stockx.com/nike-air-force-1-lx-vandalised-white-w
934,https://stockx.com/nike-air-force-1-low-a-cold-wall
935,https://stockx.com/nike-air-vapormax-2019-barely-grey
936,https://stockx.com/nike-blazer-mid-77-lucid-green
937,https://stockx.com/nike-nike-kyrie-6-preheat-collection-heal-the-world
938,https://stockx.com/nike-air-air-foamposite-one-marble-w
939,https://stockx.com/nike-air-more-uptempo-720-university-red-white-black
940,https://stockx.com/nike-air-max-1-parra-2018
941,https://stockx.com/nike-air-max-90-triple-red
942,https://stockx.com/nike-air-max-90-python
943,https://stockx.com/nike-air-vapormax-flyknit-2-chinese-new-year-2019
944,https://stockx.com/nike-mamba-rage-grinch
945,https://stockx.com/nike-shox-r4-black-metallic-silver-2018
946,https://stockx.com/nike-air-max-270-triple-white
947,https://stockx.com/nike-air-force-1-low-chinese-new-year-2019
948,https://stockx.com/nike-air-force-1-low-have-a-nike-day-white
949,https://stockx.com/nike-air-max-97-off-white-menta
950,https://stockx.com/nike-blazer-mid-77-city-pride-chicago
951,https://stockx.com/nike-air-force-1-low-fragment-design-x-clot
952,https://stockx.com/nike-air-max-95-solar-red-2018
953,https://stockx.com/nike-daybreak-metallic-silver
954,https://stockx.com/nike-air-more-uptempo-96-denim
955,https://stockx.com/nike-sb-dunk-low-black-pigeon
956,https://stockx.com/nike-kobe-5-protro-2k-gamer-exclusive
957,https://stockx.com/nike-kyrie-5-cookies-cream
958,https://stockx.com/nike-air-max-posite-bakin-boot-triple-black-2017
959,https://stockx.com/nike-lebron-16-lakers-championships
960,https://stockx.com/nike-kobe-ad-nxt-ff-off-noir-clear
961,https://stockx.com/nike-zoom-pegasus-turbo-wolf-grey-hot-punch
962,https://stockx.com/nike-air-force-1-sage-low-triple-white-w
963,https://stockx.com/nike-air-force-1-low-noise-cancelling-pack-odell-beckham-jr
964,https://stockx.com/nike-lebron-16-superman
965,https://stockx.com/nike-sb-dunk-high-pro-desert-camo
966,https://stockx.com/news/best-nike-shoes-for-women/
967,https://stockx.com/nike-sb-dunk-low-travis-scott
968,https://stockx.com/nike-dunk-low-sp-kentucky
969,https://stockx.com/nike-dunk-low-sp-syracuse
970,https://stockx.com/nike-dunk-low-sp-kentucky
971,https://stockx.com/nike-dunk-low-sp-syracuse
972,https://stockx.com/nike-sb-dunk-low-travis-scott
973,https://stockx.com/nike-sb-dunk-low-atmos-safari
974,https://stockx.com/nike-sb-dunk-low-travis-scott
975,https://stockx.com/nike-dunk-low-sp-syracuse
976,https://stockx.com/nike-dunk-low-sp-kentucky
977,https://stockx.com/nike-sb-dunk-low-atmos-safari
978,https://stockx.com/nike-air-force-1-low-supreme-box-logo-white
979,https://stockx.com/nike-air-force-1-low-supreme-box-logo-black
980,https://stockx.com/nike-air-vapormax-moc-2-black-light-cream-w
981,https://stockx.com/nike-kyrie-5-mamba-mentality
982,https://stockx.com/nike-zoomx-vista-grind-volt-w
983,https://stockx.com/nike-kobe-1-protro-purple-reign
984,https://stockx.com/nike-air-max-98-hornets
985,https://stockx.com/nike-air-vapormax-run-utility-chinese-new-year-2019
986,https://stockx.com/nike-kd-12-blue-glaze
987,https://stockx.com/nike-air-force-1-mid-supreme-nba-black
988,https://stockx.com/nike-air-vapormax-2-black-white
989,https://stockx.com/nike-air-max2-light-blue-lagoon
990,https://stockx.com/nike-lebron-16-white-hot-lava
991,https://stockx.com/nike-air-max-97-black-metallic-gold
992,https://stockx.com/nike-react-element-55-black-solar-red
993,https://stockx.com/nike-air-force-1-mid-supreme-nba-white
994,https://stockx.com/nike-lebron-16-mpls-lakers
995,https://stockx.com/nike-cortez-basic-black-white
996,https://stockx.com/nike-sb-dunk-low-atmosphere-grey-true-berry
997,https://stockx.com/nike-sb-dunk-high-bred
998,https://stockx.com/nike-air-max-95-wolf-grey-grape
999,https://stockx.com/nike-air-vapormax-2019-pure-platinum-volt-bright-crimson
1000,https://stockx.com/nike-air-max-1-atmos-curry-pack-red
1001,https://stockx.com/nike-acg-ruckel-ridge-black-habanero-red
1002,https://stockx.com/nike-epic-react-flyknit-2-black-sapphire-hyper-pink
1003,https://stockx.com/nike-air-max-270-react-bauhaus-w
1004,https://stockx.com/nike-air-max-95-erdl-party-black
1005,https://stockx.com/nike-air-max-270-bowfin-black-photo-blue
1006,https://stockx.com/nike-air-vapormax-plus-olympic
1007,https://stockx.com/nike-air-flightposite-one-dark-neon-royal
1008,https://stockx.com/nike-flyknit-trainer-oreo
1009,https://stockx.com/nike-air-vapormax-flyknit-2-white-vast-grey
1010,https://stockx.com/nike-air-vapormax-2-volt
1011,https://stockx.com/nike-sf-air-force-1-high-dusty-peach
1012,https://stockx.com/nike-air-max-180-ultramarine-2018
1013,https://stockx.com/nike-kyrie-5-spongebob-patrick-ps
1014,https://stockx.com/nike-zoom-freak-1-what-the
1015,https://stockx.com/nike-m2k-tekno-light-bone-turf-orange
1016,https://stockx.com/nike-air-max-180-black-pink-blast
1017,https://stockx.com/nike-air-max-1-have-a-nike-day-indigo-storm
1018,https://stockx.com/nike-kyrie-4-cinnamon-toast-crunch
1019,https://stockx.com/news/best-nike-shoes-for-women/
1020,https://stockx.com/nike-sb-dunk-low-travis-scott
1021,https://stockx.com/nike-dunk-low-sp-kentucky
1022,https://stockx.com/nike-dunk-low-sp-syracuse
1023,https://stockx.com/nike-dunk-low-sp-kentucky
1024,https://stockx.com/nike-dunk-low-sp-syracuse
1025,https://stockx.com/nike-sb-dunk-low-travis-scott
1026,https://stockx.com/nike-sb-dunk-low-atmos-safari
1027,https://stockx.com/nike-sb-dunk-low-travis-scott
1028,https://stockx.com/nike-dunk-low-sp-syracuse
1029,https://stockx.com/nike-dunk-low-sp-kentucky
1030,https://stockx.com/nike-sb-dunk-low-atmos-safari
1031,https://stockx.com/nike-air-force-1-low-supreme-box-logo-white
1032,https://stockx.com/nike-air-force-1-low-supreme-box-logo-black
1033,https://stockx.com/nike-lebron-16-low-black-volt-glow
1034,https://stockx.com/nike-blazer-mid-77-vintage-slam-jam-class-1977
1035,https://stockx.com/nike-air-foamposite-alternate-galaxy
1036,https://stockx.com/nike-air-max-plus-tour-yellow
1037,https://stockx.com/nike-lunar-force-1-duckboot-18-triple-black
1038,https://stockx.com/nike-lebron-15-multi-color-black
1039,https://stockx.com/nike-air-max-270-react-geometric-art
1040,https://stockx.com/nike-air-max-uptempo-95-white-red-black
1041,https://stockx.com/nike-flyknit-racer-oreo-2
1042,https://stockx.com/nike-air-max-90-wolf-grey-rush-pink
1043,https://stockx.com/nike-lebron-16-low-olympic
1044,https://stockx.com/nike-air-max-97-just-do-it-pack-black
1045,https://stockx.com/nike-air-vapormax-flyknit-3-bright-mango-pure-platinum
1046,https://stockx.com/nike-air-max-270-white-metallic-gold-black
1047,https://stockx.com/nike-air-vapormax-2019-premium-white-platinum-tint-lime-blast
1048,https://stockx.com/nike-air-max-720-obj-odell-beckham-jr-lsu
1049,https://stockx.com/nike-air-force-1-low-city-pride-toronto
1050,https://stockx.com/nike-air-max-97-black-clear-emerald
1051,https://stockx.com/nike-dunk-sb-low-rukus-crawfish
1052,https://stockx.com/nike-air-max-720-wolf-grey-anthracite
1053,https://stockx.com/nike-air-force-1-high-just-don-blue
1054,https://stockx.com/nike-air-tailwind-79-white-phantom-black
1055,https://stockx.com/nike-air-force-1-low-just-do-it-pack-total-orange
1056,https://stockx.com/nike-nike-air-max-90-prm-platinum-crimson-bright-purple-w
1057,https://stockx.com/nike-air-vapormax-flyknit-3-barely-volt-pink-tint-w
1058,https://stockx.com/nike-air-more-uptempo-obsidian
1059,https://stockx.com/nike-dunk-sb-high-premier-northern-lights
1060,https://stockx.com/nike-daybreak-lavender-mist
1061,https://stockx.com/nike-lebron-15-multi-color
1062,https://stockx.com/nike-air-force-one-low-gore-tex-team-gold-khaki
1063,https://stockx.com/nike-shox-tl-neymar
1064,https://stockx.com/nike-air-vapormax-plus-aurora-green
1065,https://stockx.com/nike-air-max-97-newspaper
1066,https://stockx.com/nike-kyrie-3-mamba-mentality-bruce-lee
1067,https://stockx.com/nike-air-max-90-digi-camo-olive
1068,https://stockx.com/nike-air-force-one-low-gore-tex-dynamic-yellow
1069,https://stockx.com/nike-air-max-97-tie-dye-black
1070,https://stockx.com/nike-moon-racer-mountain-blue-team-orange
1071,https://stockx.com/news/best-nike-shoes-for-women/
1072,https://stockx.com/nike-sb-dunk-low-travis-scott
1073,https://stockx.com/nike-dunk-low-sp-kentucky
1074,https://stockx.com/nike-dunk-low-sp-syracuse
1075,https://stockx.com/nike-dunk-low-sp-kentucky
1076,https://stockx.com/nike-dunk-low-sp-syracuse
1077,https://stockx.com/nike-sb-dunk-low-travis-scott
1078,https://stockx.com/nike-sb-dunk-low-atmos-safari
1079,https://stockx.com/nike-sb-dunk-low-travis-scott
1080,https://stockx.com/nike-dunk-low-sp-syracuse
1081,https://stockx.com/nike-dunk-low-sp-kentucky
1082,https://stockx.com/nike-sb-dunk-low-atmos-safari
1083,https://stockx.com/nike-air-force-1-low-supreme-box-logo-white
1084,https://stockx.com/nike-air-force-1-low-supreme-box-logo-black
1085,https://stockx.com/nike-air-max-90-black-white-2019
1086,https://stockx.com/nike-zoom-gravity-black
1087,https://stockx.com/nike-kyrie-4-black-history-month-2018
1088,https://stockx.com/nike-air-moc-n7-pendleton
1089,https://stockx.com/nike-air-vapormax-flyknit-3-white-reflect-silver-w
1090,https://stockx.com/nike-air-max-270-react-geometric-art-w
1091,https://stockx.com/nike-air-tailwind-black-white
1092,https://stockx.com/nike-air-force-1-air-foamposite-pro-cup-coral-stardust
1093,https://stockx.com/nike-zoom-fly-3-electric-green
1094,https://stockx.com/nike-air-max-97-vast-grey-metallic-gold-w
1095,https://stockx.com/nike-air-max-98-black-anthracite-black-sole
1096,https://stockx.com/nike-kobe-a-d-devin-booker-pe
1097,https://stockx.com/nike-air-max-200-mystic-green-w
1098,https://stockx.com/nike-air-max-270-black-white-w
1099,https://stockx.com/nike-react-presto-teal-tint-oxygen-purple-w
1100,https://stockx.com/nike-air-max-720-triple-black-gs
1101,https://stockx.com/nike-air-max-97-cocoa-snake-w
1102,https://stockx.com/nike-air-max-270-spirit-teal
1103,https://stockx.com/nike-air-max-95-windbreaker
1104,https://stockx.com/nike-air-max-720-light-soft-pink-coral-stardust-w
1105,https://stockx.com/nike-kobe-a-d-port-wine
1106,https://stockx.com/nike-air-force-1-low-metallic-bronze-w
1107,https://stockx.com/nike-air-force-1-type-black-hyper-crimson
1108,https://stockx.com/nike-blazer-mid-77-vintage-snakeskin-swoosh
1109,https://stockx.com/nike-air-vapormax-plus-bleached-coral-pure-platinum-w
1110,https://stockx.com/nike-shox-nz-eu-black-white
1111,https://stockx.com/nike-air-vapormax-2019-teal-tint-ember-glow-w
1112,https://stockx.com/nike-sf-air-force-1-high-beef-and-broccoli-pack
1113,https://stockx.com/nike-air-max-720-sea-forest-w
1114,https://stockx.com/nike-air-max-uptempo-95-lakers
1115,https://stockx.com/nike-blazer-mid-77-vintage-amber-rise-court-purple
1116,https://stockx.com/nike-air-vapormax-3pt0-flash-crimson
1117,https://stockx.com/nike-air-max-95-grape-snakeskin
1118,https://stockx.com/nike-tailwind-79-battle-blue-gym-red
1119,https://stockx.com/nike-air-max-90-recraft-hyper-grape
1120,https://stockx.com/nike-air-max-97-floral-white-w
1121,https://stockx.com/nike-pg-3-diamond
1122,https://stockx.com/news/best-nike-shoes-for-women/
1123,https://stockx.com/nike-sb-dunk-low-travis-scott
1124,https://stockx.com/nike-dunk-low-sp-kentucky
1125,https://stockx.com/nike-dunk-low-sp-syracuse
1126,https://stockx.com/nike-dunk-low-sp-kentucky
1127,https://stockx.com/nike-dunk-low-sp-syracuse
1128,https://stockx.com/nike-sb-dunk-low-travis-scott
1129,https://stockx.com/nike-sb-dunk-low-atmos-safari
1130,https://stockx.com/nike-sb-dunk-low-travis-scott
1131,https://stockx.com/nike-dunk-low-sp-syracuse
1132,https://stockx.com/nike-dunk-low-sp-kentucky
1133,https://stockx.com/nike-sb-dunk-low-atmos-safari
1134,https://stockx.com/nike-air-force-1-low-supreme-box-logo-white
1135,https://stockx.com/nike-air-force-1-low-supreme-box-logo-black
1136,https://stockx.com/nike-air-force-1-low-schematic-black-white-bright-crimson
1137,https://stockx.com/nike-air-force-1-low-future-swoosh-pack
1138,https://stockx.com/nike-shox-bb4-black-university-gold
1139,https://stockx.com/nike-sb-dunk-low-diamond-supply-co-yellow-diamond
1140,https://stockx.com/nike-air-max-90-white-leather-gs
1141,https://stockx.com/nike-sb-dunk-high-future-court-obsidian
1142,https://stockx.com/nike-air-force-1-07-wolf-grey-white
1143,https://stockx.com/nike-air-vapormax-plus-aurora-cosmic-clay
1144,https://stockx.com/nike-air-max-720-black-blue-red
1145,https://stockx.com/nike-air-max-90-lx-daisy-leopard-iridescent-w
1146,https://stockx.com/nike-air-force-1-07-white-black
1147,https://stockx.com/nike-react-boot-undercover-brown
1148,https://stockx.com/nike-air-vapormax-flyknit-3-blue-fury-gs
1149,https://stockx.com/nike-air-vapormax-2019-dark-team-red-university-red
1150,https://stockx.com/nike-air-max-tailwind-4-suns
1151,https://stockx.com/nike-air-max-1-future-swoosh-pack
1152,https://stockx.com/nike-outburst-decon-ghost-aqua-w
1153,https://stockx.com/nike-air-force-sage-low-beige-suede-w
1154,https://stockx.com/nike-air-max-270-react-plum-chalk-stone-mauve-w
1155,https://stockx.com/nike-air-force-one-low-gore-tex-medium-olive
1156,https://stockx.com/nike-air-force-1-low-black-iridescent-outline
1157,https://stockx.com/nike-air-max-270-ultramarine-w
1158,https://stockx.com/nike-daybreak-wheat-black-w
1159,https://stockx.com/nike-air-max-98-next-year
1160,https://stockx.com/nike-zoom-freak-1-what-the-gs
1161,https://stockx.com/nike-air-max-97-sunburst
1162,https://stockx.com/nike-air-zoom-spiridon-hyperlocal-uk
1163,https://stockx.com/nike-air-max-tailwind-4-white-black-crimson-yellow
1164,https://stockx.com/nike-air-max-270-coral-stardust-w
1165,https://stockx.com/nike-air-max-90-recraft-triple-white
1166,https://stockx.com/nike-sb-dunk-low-green-hemp
1167,https://stockx.com/nike-air-force-1-low-07-lx-blueprint-summit-white-w
1168,https://stockx.com/nike-air-vapormax-2019-ghost-aqua-w
1169,https://stockx.com/nike-shox-enigma-white-aura-green-rose-gold-w
1170,https://stockx.com/nike-air-force-1-high-wheat-2016-w
1171,https://stockx.com/nike-air-force-1-low-acg-phantom
1172,https://stockx.com/nike-air-max-90-metallic-silver-2020-w
1173,https://stockx.com/nike-kyrie-5-spongebob-gs
1174,https://stockx.com/nike-air-max-720-pride-2019
1175,https://stockx.com/nike-tailwind-79-og-stranger-things-hawkins-high-school
1176,https://stockx.com/news/best-nike-shoes-for-women/
1177,https://stockx.com/nike-sb-dunk-low-travis-scott
1178,https://stockx.com/nike-dunk-low-sp-kentucky
1179,https://stockx.com/nike-dunk-low-sp-syracuse
1180,https://stockx.com/nike-dunk-low-sp-kentucky
1181,https://stockx.com/nike-dunk-low-sp-syracuse
1182,https://stockx.com/nike-sb-dunk-low-travis-scott
1183,https://stockx.com/nike-sb-dunk-low-atmos-safari
1184,https://stockx.com/nike-sb-dunk-low-travis-scott
1185,https://stockx.com/nike-dunk-low-sp-syracuse
1186,https://stockx.com/nike-dunk-low-sp-kentucky
1187,https://stockx.com/nike-sb-dunk-low-atmos-safari
1188,https://stockx.com/nike-air-force-1-low-supreme-box-logo-white
1189,https://stockx.com/nike-air-force-1-low-supreme-box-logo-black
1190,https://stockx.com/nike-react-element-87-royal-tint
1191,https://stockx.com/nike-air-force-1-low-carhartt-wip-ale-brown
1192,https://stockx.com/nike-air-force-1-low-supreme-x-comme-des-garcons-2018
1193,https://stockx.com/nike-air-presto-mid-acronym-racer-pink
1194,https://stockx.com/nike-blazer-flyleather-steve-harrington-earth-day-2019
1195,https://stockx.com/nike-kobe-4-protro-draft-day-hornets
1196,https://stockx.com/nike-lebron-16-harlem-fashion-row
1197,https://stockx.com/nike-air-foamposite-one-usa-w
1198,https://stockx.com/nike-air-foamposite-one-memphis-tigers
1199,https://stockx.com/nike-moon-racer-sail-solar-blue
1200,https://stockx.com/nike-air-max-plus-triple-black
1201,https://stockx.com/nike-air-force-1-low-doernbecher-2019
1202,https://stockx.com/nike-kyrie-5-concepts-ikhet
1203,https://stockx.com/nike-ispa-react-low-summit-white
1204,https://stockx.com/nike-mars-yard-tom-sachs-td
1205,https://stockx.com/nike-daybreak-undercover-black-sail-w
1206,https://stockx.com/nike-air-force-1-low-utility-black-white
1207,https://stockx.com/nike-kyrie-5-taco-pe
1208,https://stockx.com/nike-air-max-97-silver-black
1209,https://stockx.com/nike-air-force-1-low-de-lo-mio
1210,https://stockx.com/nike-air-max-720-aurora-borealis
1211,https://stockx.com/nike-air-max-720-saturn-white-black-red
1212,https://stockx.com/nike-react-element-55-indigo-fog-mystic-navy
1213,https://stockx.com/nike-air-max-270-throwback-future
1214,https://stockx.com/nike-air-force-1-low-3d-glasses-gs
1215,https://stockx.com/nike-air-max-1-dark-obsidian-crepe-sole
1216,https://stockx.com/nike-zoom-vomero-5-a-cold-wall-sail
1217,https://stockx.com/nike-air-vapormax-2-midnight-purple
1218,https://stockx.com/nike-air-vapormax-run-utility-black-anthracite
1219,https://stockx.com/nike-air-max-97-white-reflect-silver
1220,https://stockx.com/nike-air-max-1-vast-grey
1221,https://stockx.com/nike-shox-tl-triple-black
1222,https://stockx.com/nike-zoom-vomero-5-sp-vast-grey
1223,https://stockx.com/nike-air-max-90-vinyl
1224,https://stockx.com/nike-sb-blazer-frog-skateboards
1225,https://stockx.com/nike-cortez-flyleather-steve-harrington-earth-day-2019
1226,https://stockx.com/nike-zoom-fly-sp-fast-nathan-bell
1227,https://stockx.com/nike-zoom-fly-mercurial-off-white-total-orange
1228,https://stockx.com/nike-shox-r4-metallic-silver-comet-red-2018
1229,https://stockx.com/nike-air-force-1-vandalized-sail-mystic-green-w
1230,https://stockx.com/news/best-nike-shoes-for-women/
1231,https://stockx.com/nike-sb-dunk-low-travis-scott
1232,https://stockx.com/nike-dunk-low-sp-kentucky
1233,https://stockx.com/nike-dunk-low-sp-syracuse
1234,https://stockx.com/nike-dunk-low-sp-kentucky
1235,https://stockx.com/nike-dunk-low-sp-syracuse
1236,https://stockx.com/nike-sb-dunk-low-travis-scott
1237,https://stockx.com/nike-sb-dunk-low-atmos-safari
1238,https://stockx.com/nike-sb-dunk-low-travis-scott
1239,https://stockx.com/nike-dunk-low-sp-syracuse
1240,https://stockx.com/nike-dunk-low-sp-kentucky
1241,https://stockx.com/nike-sb-dunk-low-atmos-safari
1242,https://stockx.com/nike-air-force-1-low-supreme-box-logo-white
1243,https://stockx.com/nike-air-force-1-low-supreme-box-logo-black
1244,https://stockx.com/nike-lebron-16-buzz-lightyear
1245,https://stockx.com/nike-air-max-270-liquid-metal-black
1246,https://stockx.com/nike-pg-3-nasa-50th
1247,https://stockx.com/nike-mamba-focus-metallic-gold
1248,https://stockx.com/nike-air-zoom-turf-jet-97-barry-sanders-2019
1249,https://stockx.com/nike-air-force-1-low-easter-2018
1250,https://stockx.com/nike-lebron-icon-john-elliott-parachute-beige
1251,https://stockx.com/nike-air-max-95-triple-black-2016
1252,https://stockx.com/nike-react-element-55-spruce-volt
1253,https://stockx.com/nike-air-max-97-bright-citron
1254,https://stockx.com/nike-react-runner-mid-wr-ispa-black
1255,https://stockx.com/nike-lebron-17-harlem-fashion-row
1256,https://stockx.com/nike-moon-racer-yellow-ochre-gym-blue
1257,https://stockx.com/nike-air-force-1-low-utility-carhartt-wip-camo
1258,https://stockx.com/nike-air-max-98-university-red-white
1259,https://stockx.com/nike-air-max-plus-greedy
1260,https://stockx.com/nike-zoom-freak-1-coming-to-america
1261,https://stockx.com/nike-air-max-180-high-ambush-black
1262,https://stockx.com/nike-shox-tl-skepta
1263,https://stockx.com/nike-adapt-huarache-yellow
1264,https://stockx.com/nike-air-more-uptempo-flax
1265,https://stockx.com/nike-air-vapormax-2019-white-university-gold-wolf-grey
1266,https://stockx.com/nike-lebron-16-low-atomic-violet
1267,https://stockx.com/nike-flyknit-racer-multi-color-2015
1268,https://stockx.com/nike-air-fear-of-god-1-sa-black
1269,https://stockx.com/nike-air-max-1-atmosphere-grey-fresh-mint
1270,https://stockx.com/nike-air-max-1-anniversary-aqua
1271,https://stockx.com/nike-sb-dunk-low-light-cream-thunderstorm
1272,https://stockx.com/nike-air-foamposite-one-elemental-rose
1273,https://stockx.com/nike-kd-12-warriors-home
1274,https://stockx.com/nike-react-presto-black-white
1275,https://stockx.com/nike-air-max-1-white-pure-platinum
1276,https://stockx.com/nike-mars-yard-tom-sachs-i
1277,https://stockx.com/nike-air-foamposite-one-eggplant-2017
1278,https://stockx.com/nike-air-more-uptempo-96-cool-grey-midnight-navy
1279,https://stockx.com/nike-zoom-freak-1-black-white
1280,https://stockx.com/nike-air-tech-challenge-2-hot-lava-2019
1281,https://stockx.com/nike-lebron-16-low-triple-black
1282,https://stockx.com/nike-kd-4-think-16-thunderstruck
1283,https://stockx.com/nike-sb-dunk-low-east-west-pack-biggie
1284,https://stockx.com/news/best-nike-shoes-for-women/
1285,https://stockx.com/nike-sb-dunk-low-travis-scott
1286,https://stockx.com/nike-dunk-low-sp-kentucky
1287,https://stockx.com/nike-dunk-low-sp-syracuse
1288,https://stockx.com/nike-dunk-low-sp-kentucky
1289,https://stockx.com/nike-dunk-low-sp-syracuse
1290,https://stockx.com/nike-sb-dunk-low-travis-scott
1291,https://stockx.com/nike-sb-dunk-low-atmos-safari
1292,https://stockx.com/nike-sb-dunk-low-travis-scott
1293,https://stockx.com/nike-dunk-low-sp-syracuse
1294,https://stockx.com/nike-dunk-low-sp-kentucky
1295,https://stockx.com/nike-sb-dunk-low-atmos-safari
1296,https://stockx.com/nike-air-force-1-low-supreme-box-logo-white
1297,https://stockx.com/nike-air-force-1-low-supreme-box-logo-black
